csvRow,songId,title,column,line,issue,excerpt
3,2021-04-1709:38:49.060529,అడగక ముందే,TELUGU SONG,2,line_over_120_characters,పదే పదే నేను పాడుకోనాప్రతి చోట నీ మాట నా పాటగామరి మరి నే చాటుకోనామనసంతా పులకించని సాక్షిగానా జీవిత గమనానికి గమ్యము నీవేచితికిన నా గుండెకు ప్రాణం నీవే ×2
3,2021-04-1709:38:49.060529,అడగక ముందే,ENGLISH SONG,1,line_over_120_characters,Adagaka Mundhe AkkaralerigiAvasaraalu Theerchina AathmeeyudaaEndaru Unaa Bandhuvu NeeveBandhaalanu Penchina Bhaagyavanthudaa
3,2021-04-1709:38:49.060529,అడగక ముందే,ENGLISH SONG,2,line_over_120_characters,Padhe Padhe Nenu PaadukonaaPrathi Chota Nee Maata Naa PaatagaaMari Mari Ne ChaatukonaaManasantha Pulakinchani SaakshigaaNaa Jeevitha Gamanaaniki Gamyamu NeeveChithikina Naa Gundeku Praanam Neeve ×2
3,2021-04-1709:38:49.060529,అడగక ముందే,ENGLISH SONG,7,line_over_120_characters,Adagaka Mundhe AkkaralerigiAvasaraalu Theerchina AathmeeyudaaEndaru Unaa Bandhuvu NeeveBandhaalanu Penchina Bhaagyavanthudaa ×2Avasaraalu Theerchina AathmeeyudaaBandhaalanu Penchina Bhaagyavanthudaa ×2
3,2021-04-1709:38:49.060529,అడగక ముందే,ENGLISH SONG,11,line_over_120_characters,Adigina Vela Akkuna CheriAnuraagam Panchina Ammavu NeeveNaligina Vela Naa Dari CheriNammakaanni Penchina Naannavu Neeve ×2Anuraagam Panchina Ammavu NeeveNammakaanni Penchina Naannavu Neeve ×2
3,2021-04-1709:38:49.060529,అడగక ముందే,BOTH,,repeat_marker_count_mismatch,Telugu=2; English=3
40,2021-04-1709:38:52.036014,అంకితం ప్రభూ నా జీవితం,BOTH,,repeat_marker_count_mismatch,Telugu=2; English=3
162,2021-04-1709:39:02.495911,ఈ జీవితం విలువైనది,BOTH,,repeat_marker_count_mismatch,Telugu=7; English=4
175,2021-04-1709:39:04.413886,ఉన్నత స్థలములలో,BOTH,,repeat_marker_count_mismatch,Telugu=3; English=4
180,2021-04-1709:39:05.332270,ఊహకు అందని కార్యముల్,TELUGU SONG,1,line_over_120_characters,ఊహకు అందని కార్యముల్ఊహించని రీతిలో నాకై చేసిన దేవాఊహకు అందని వేళలోఊహించని మేలులన్ నాకై చేసిన దేవాఉత్సహించి పాడెదన్ ఉల్లసించి చాటెదన్నీదు నామ గీతము నాదు జీవితాంతముకొనియాడెదన్ కీర్తించెదన్ స్తోత్రించెదన్
180,2021-04-1709:39:05.332270,ఊహకు అందని కార్యముల్,TELUGU SONG,6,line_over_120_characters,అడుగువాటి కంటెను – ఊహించు వాటి కంటెనుఅద్భుతాలు చేయగా – వేరెవరికింత సాధ్యముఅసాధ్యమైనదేది నీకు లేనే లేదుఇల నీకు మించి నాకు దైవమెవరున్నారు ×2
180,2021-04-1709:39:05.332270,ఊహకు అందని కార్యముల్,TELUGU SONG,10,line_over_120_characters,బండ నుండి నీళ్లను – ఉబికింపజేసినావుగాఎడారిలో జల ధారలు – ప్రవహింపజేసినావుగాకనుపాప లాగ నన్ను కాచే దైవం నీవునడి సంద్రమైన నన్ను నడిపే తోడే నీవు ×2
180,2021-04-1709:39:05.332270,ఊహకు అందని కార్యముల్,ENGLISH SONG,1,line_over_120_characters,Oohaku Andani KaaryamulOohinchani Reethilo Naakai Chesina DevaaOohaku Andani VelaloOohinchani Melulan Naakai Chesina DevaaUthsahinchi Paadedan Ullasinchi ChaatedanNeedu Naama Geethamu Naadu JeevithaanthamuKoniyaadedan Keerthinchedan Sthothr
180,2021-04-1709:39:05.332270,ఊహకు అందని కార్యముల్,ENGLISH SONG,6,line_over_120_characters,Aduguvaati Kantenu – Oohinchu Vaati KantenuAdbhuthaalu Cheyagaa – Verevarikintha SaadhyamuAsaadhyamainadedi Neeku Lene LeduIla Neeku Minchi Naaku Daivamevarunnaaru ×2
180,2021-04-1709:39:05.332270,ఊహకు అందని కార్యముల్,ENGLISH SONG,10,line_over_120_characters,Banda Nundi Neellanu – UbikimpajesinaavugaaEdaarilo Jala Dhaaralu – PravahimpajesinaavugaaKanupaapa Laaga Nannu Kaache Daivam NeevuNadi Sandramaina Nannu Nadipe Thode Neevu ×2
336,2021-04-1709:39:27.544335,క్రిస్మస్ శుభదినం,BOTH,,repeat_marker_count_mismatch,Telugu=3; English=4
415,2021-04-1709:39:39.280533,చిరుగాలి వీచినా,BOTH,,repeat_marker_count_mismatch,Telugu=2; English=3
453,2021-04-1709:39:44.607403,జీవము గల దేవుని సంఘం,BOTH,,repeat_marker_count_mismatch,Telugu=5; English=4
503,2021-04-1709:39:51.453542,దివ్య తార,TELUGU SONG,6,line_over_120_characters,జన్మించె యేసు రాజు – పరవశించె పరలోకం ×2మధురమైన పాటలతో మారుమ్రోగెనుక్రీస్తు జన్మమే పరమ మర్మమేకారు చీకట్లో అరుణోదయమే ×2తార తార క్రిస్మస్ తారతార తార దివ్య తార ×2
503,2021-04-1709:39:51.453542,దివ్య తార,TELUGU SONG,10,line_over_120_characters,ప్రభు యేసు నామం – ప్రజా సంఖ్యలోనున్నది ×2అవనిలో క్రీస్తు శకము అవతరించినదిక్రీస్తు జన్మమే మధురమాయెనేశాంతి లేని జీవితాన కాంతి పుంజమే ×2తార తార క్రిస్మస్ తారతార తార దివ్య తార ×2
503,2021-04-1709:39:51.453542,దివ్య తార,TELUGU SONG,14,line_over_120_characters,పాపలోక జీవితం – పటాపంచలైనది ×2నీతియై లోకంలో వికసించినదిక్రీస్తు జన్మమే ప్రేమామయమేచీకటి హృదయాలలో వెలుగు తేజమే ×2తార తార క్రిస్మస్ తారతార తార దివ్య తార ×2
503,2021-04-1709:39:51.453542,దివ్య తార,ENGLISH SONG,2,line_over_120_characters,Divya Thaara Divya ThaaraDivi Nundi Digi Vachchina Thaara ×2Velugaina Yesayyanu Venolla Chaatinadi ×2Pashula Paaka Cherinadi Christmas Thaara ×2
503,2021-04-1709:39:51.453542,దివ్య తార,ENGLISH SONG,6,line_over_120_characters,Janminche Yesu Raaju – Paravashinche Paralokam ×2Madhuramaina Paatalatho MaarumrogenuKreesthu Janmame Parama MarmameKaaru Cheekatlo Arunodayame ×2Thaara Thaara Christmas ThaaraThaara Thaara Divya Thaara ×2
503,2021-04-1709:39:51.453542,దివ్య తార,ENGLISH SONG,10,line_over_120_characters,Prabhu Yesu Naamam – Prajaa Sankhyalonunnadi ×2Avanilo Kreesthu Shakamu AvatharinchinadiKreesthu Janmame MadhuramaayeneShaanthi Leni Jeevithaana Kaanthi Punjame ×2Thaara Thaara Christmas ThaaraThaara Thaara Divya Thaara ×2
503,2021-04-1709:39:51.453542,దివ్య తార,ENGLISH SONG,14,line_over_120_characters,Paapaloka Jeevitham – Pataapanchalainadi ×2Neethiyai Lokamlo VikasinchinadiKreesthu Janmame PremaamayameCheekati Hrudayaalalo Velugu Thejame ×2Thaara Thaara Christmas ThaaraThaara Thaara Divya Thaara ×2
530,2021-04-1709:39:55.428425,దేవుడు దేహమును,BOTH,,repeat_marker_count_mismatch,Telugu=2; English=3
533,2021-04-1709:39:55.909653,దేవుడు లోకమును,BOTH,,repeat_marker_count_mismatch,Telugu=0; English=3
536,2021-04-1709:39:56.364674,దేవుని గొప్ప మహిమను,BOTH,,repeat_marker_count_mismatch,Telugu=0; English=2
616,2021-04-1709:40:07.269855,నా పేరే తెలియని ప్రజలు,BOTH,,repeat_marker_count_mismatch,Telugu=3; English=4
625,2021-04-1709:40:08.306217,నా ప్రాణమైన యేసు,BOTH,,repeat_marker_count_mismatch,Telugu=3; English=2
693,2021-04-1709:40:17.581989,నిరతము స్తుతియించుము,BOTH,,repeat_marker_count_mismatch,Telugu=3; English=2
698,2021-04-1709:40:18.309422,నీ కార్యములు,BOTH,,repeat_marker_count_mismatch,Telugu=1; English=2
704,2021-04-1709:40:18.972311,నీ కృప లేని క్షణము,BOTH,,repeat_marker_count_mismatch,Telugu=2; English=3
713,2021-04-1709:44:55.063199,నీ చేతితో నన్ను పట్టుకో,BOTH,,repeat_marker_count_mismatch,Telugu=1; English=0
741,2021-04-1709:44:57.471152,నీ ప్రేమా నీ కరుణా,BOTH,,repeat_marker_count_mismatch,Telugu=3; English=4
773,2021-04-1709:44:59.033804,నీతోనే గడిపేయాలని,BOTH,,repeat_marker_count_mismatch,Telugu=1; English=2
795,2021-04-1709:44:59.996659,నీవుంటే నాకు చాలు యేసయ్యా,BOTH,,repeat_marker_count_mismatch,Telugu=5; English=4
863,2021-04-1709:45:06.995778,ప్రభు యేసు నా రక్షకా,BOTH,,repeat_marker_count_mismatch,Telugu=7; English=8
872,2021-04-1709:45:08.238763,ప్రభువా నిను కీర్తించుటకు,BOTH,,repeat_marker_count_mismatch,Telugu=3; English=2
890,2021-04-1709:45:10.961409,ప్రార్థన శక్తి నాకు,TELUGU SONG,5,line_over_120_characters,ఏలియా ప్రార్థింపగ పొందిన శక్తినేను ప్రార్థింపగ దయచేయుమా ×2ప్రార్థించి నిను చేరు భాగ్యమీయుమా ×2నిరంతరం ప్రార్థింప కృపనీయుమా ×2
890,2021-04-1709:45:10.961409,ప్రార్థన శక్తి నాకు,TELUGU SONG,13,line_over_120_characters,పేతురు ప్రార్థింపగ నీ ఆత్మను దింపితివినే పాడు చోటెల్ల దిగిరా దేవా ×2చిన్న వయసులో అభిషేకించిన యిర్మియా వలె ×2ఈ చిన్న వాడిని అభిషేకించు ×2
890,2021-04-1709:45:10.961409,ప్రార్థన శక్తి నాకు,ENGLISH SONG,1,line_over_120_characters,Praardhana Shakthi Naaku KaavaalayyaaNee Paraloka Abhishekam Kaavaalayyaa ×2Yesayyaa KaavaalayyaaNee Aathma Abhishekam Kaavaalayyaa ×2
890,2021-04-1709:45:10.961409,ప్రార్థన శక్తి నాకు,ENGLISH SONG,5,line_over_120_characters,Eliyaa Praarthimpaga Pondina ShakthiNenu Praarthimpaga Dayacheyumaa ×2Praarthinchi Ninu Cheru Baagyameeyumaa ×2Nirantaram Praarthimpa Krupaneeyumaa ×2
890,2021-04-1709:45:10.961409,ప్రార్థన శక్తి నాకు,ENGLISH SONG,9,line_over_120_characters,Simhaala Guhaloni Daaniyelu ShakthiEe Lokaml Naaku Kaavalayyaa ×2Neeto Nadiche Varameeyumaa ×2Nee Siluvanu Mose Krupaneeyumaa ×2
890,2021-04-1709:45:10.961409,ప్రార్థన శక్తి నాకు,ENGLISH SONG,13,line_over_120_characters,Pethuru Praarthimpaga Nee Aathmanu DimpithiviNe Paadu Chotella Digiraa Devaa ×2Chinna Vayasulo Abhishekinchina Irmiyaa vale ×2Ee Chinna Vaadini Abishekinchu ×2
899,2021-04-1709:45:12.167531,పుట్టినాడంట యేసునాథుడు,TELUGU SONG,1,line_over_120_characters,తూరుపు దిక్కున చుక్క బుట్టెదూతలు పాటలు పాడ వచ్చె ×2చలి మంట లేకుండా ఎలుగే పుట్టె ×2చల్లని రాతిరి కబురే తెచ్చె ×2పుట్టినాడంట యేసునాథుడుపాపములు తీసే పరమాత్ముడు ×2
899,2021-04-1709:45:12.167531,పుట్టినాడంట యేసునాథుడు,ENGLISH SONG,1,line_over_120_characters,Thoorupu Dikkuna Chukka ButteDoothalu Paatalu Paada Vachche ×2Chali Manta Lekunda Eluge Putte ×2Challani Raathiri Kabure Thechche ×2Puttinaadanta YesunaathuduPaapamulu Theese Paramaathmudu ×2
899,2021-04-1709:45:12.167531,పుట్టినాడంట యేసునాథుడు,ENGLISH SONG,5,possible_joined_words,Gollalu Gnaanulu Vegira VachchiKolichinaaru Thanaku KaanukalichchiPashula Paaka CherudaamuKaaparini Kalisi Vedudaamu ×2
899,2021-04-1709:45:12.167531,పుట్టినాడంట యేసునాథుడు,ENGLISH SONG,9,line_over_120_characters,Chinnaa Peddaa Thanaku Thedaa LeduPedaa Dhanikaa Eppudu ChoodaboduThaanokkade Andarikee RakshakuduModalu Nundi Eppudu Unnavaadu ×2
899,2021-04-1709:45:12.167531,పుట్టినాడంట యేసునాథుడు,ENGLISH SONG,13,line_over_120_characters,Manchi Chedda Ennadu EnchaboduChedda Vaallaku Koodaa Bahu ManchoduNammi Neevu Yesunu Adigi ChooduThana Premanu Neeku Andisthaadu ×2
1020,2021-04-1709:45:31.146352,మూడునాళ్ళ ముచ్చట కోసం,BOTH,,repeat_marker_count_mismatch,Telugu=3; English=14
1042,2021-04-1709:45:34.498182,యెహోవా నా కాపరి,BOTH,,repeat_marker_count_mismatch,Telugu=5; English=1
1049,2021-04-1709:45:35.388070,యెహోవా మా కాపరి,BOTH,,repeat_marker_count_mismatch,Telugu=3; English=4
1163,2021-04-1709:45:51.047859,రుచి చూచి ఎరిగితిని,BOTH,,repeat_marker_count_mismatch,Telugu=6; English=5
1174,2021-04-1709:45:52.436042,లోకమంతట వెలుగు,TELUGU SONG,1,line_over_120_characters,లోకమంతట వెలుగు ప్రకాశించెను యేసు జన్మించినపుడుఆకాశమునందు గొప్ప నక్షత్రంబు బుట్టెనపుడు లోకజ్ఞానులు గొల్లలు వెళ్లి – ×2లోక రక్షకుడేసుకు మ్రొక్కిరి ॥లోకమంతట॥
1174,2021-04-1709:45:52.436042,లోకమంతట వెలుగు,TELUGU SONG,2,line_over_120_characters,నేను వెలుగై చీకటిలో వెలుగుచున్నాను చీకటి దాని గ్రహింప లేదునేను లోకమునకు వెలుగై యున్నాను నను వెంబడించు వాడు చీకటిలో నడువక – ×2జీవపువెలుగై యుండుడనె యేసు ॥లోకమంతట॥
1174,2021-04-1709:45:52.436042,లోకమంతట వెలుగు,TELUGU SONG,3,line_over_120_characters,ఆ పట్టణములో వెలుగుటకు సూర్యుడైనను చంద్రుడైన నక్కరలేదు ఆ పట్టణములో దేవుని మహిమయే ప్రకాశించుచున్నది యెపుడు ఆ పట్టణమునకు దేవుని గొఱ్ఱె – ×2పిల్లయే దీపమై వెలుగుచుండు ॥లోకమంతట॥
1174,2021-04-1709:45:52.436042,లోకమంతట వెలుగు,TELUGU SONG,4,line_over_120_characters,విూరు లోకమునకు వెలుగై యున్నారు గనుక విూరు వెలుగు సంబంధులువిూరు కొండపైన కట్టబడిన పట్టణంబువలెనే మరుగై యుండక నరులందరికి – ×2వెలుగై యుందురనె యేసుండు ॥లోకమంతట॥
1174,2021-04-1709:45:52.436042,లోకమంతట వెలుగు,TELUGU SONG,5,line_over_120_characters,చీకటిలో నడుచుజనులు గొప్ప వెలుగును చూచిరి ధన్యులైలోక మందు మరణచ్ఛాయగల దేశనివాసుల విూద ప్రకాశించెను గొప్ప వెలుగు – ×2ప్రభువు యేసుకు జేయని పాడరే ॥లోకమంతట॥
1174,2021-04-1709:45:52.436042,లోకమంతట వెలుగు,ENGLISH SONG,1,line_over_120_characters,Lokamanthata Velugu Prakaashinchenu Yesu JanminchinapuduAakaashamunandu Goppa Nakshathrambu ButtenapuduLoka Gnaanulu Gollalu Velli – ×2Loka Rakshakudesuku Mrokkiri
1174,2021-04-1709:45:52.436042,లోకమంతట వెలుగు,ENGLISH SONG,5,line_over_120_characters,Nenu Velugai Cheekatilo Veluguchunnaanu Cheekati Daani Grahimpa LeduNenu lokamunaku Velugai Yunnaanu Nanu VembadinchuVaadu Cheekatilo Naduvaka – ×2Jeevapu Velugai Yundudane Yesu
1174,2021-04-1709:45:52.436042,లోకమంతట వెలుగు,ENGLISH SONG,9,line_over_120_characters,Aa Pattanamulo Velugutaku Sooryudainanu Chandrudaina NakkaraleduAa Pattanamulo Devuni Mahimaye Prakaashinchuchunnadi YepuduAa Pattanamunaku Devuni Gorre – ×2Pillaye Deepamai Veluguchundu
1174,2021-04-1709:45:52.436042,లోకమంతట వెలుగు,ENGLISH SONG,13,line_over_120_characters,Meeru Lokamunaku Velugai Yunnaaru GanukaMeeru Velugu SambandhuluMeeru Kondapaina Kattabadina Pattanambu ValeneMarugai Yundaka Narulandariki – ×2Velugai Yundurane Yesundu
1174,2021-04-1709:45:52.436042,లోకమంతట వెలుగు,ENGLISH SONG,17,line_over_120_characters,Cheekatilo Naduchu Janulu Goppa VelugunuChoochiri DhanyulaiLokamanadu Maranachchaaya Gala Desha Nivaasula MeedaPrakaashinchenu Goppa Velugu – ×2Prabhuvu Yesuku Jeyani Paadare
1174,2021-04-1709:45:52.436042,లోకమంతట వెలుగు,BOTH,,repeat_marker_count_mismatch,Telugu=0; English=5
1192,2021-04-1709:45:55.323473,వికసించు పుష్పమా,BOTH,,repeat_marker_count_mismatch,Telugu=7; English=4
1215,2021-04-1709:45:58.651048,వీనులకు విందులు చేసే,BOTH,,repeat_marker_count_mismatch,Telugu=8; English=4
1257,2021-04-1709:46:05.128882,సర్వకృపానిధియగు ప్రభువా,BOTH,,repeat_marker_count_mismatch,Telugu=5; English=6
1351,2021-04-1709:46:18.279865,హల్లెలూయ స్తుతి మహిమ,BOTH,,repeat_marker_count_mismatch,Telugu=2; English=1
1374,2021-06-1409:46:21.424998,దూరమయ్యాను యేసు,ENGLISH SONG,8,line_over_120_characters,"Panikiraani nannu neevu chaeradeesaavu panikochchae paatragaa nannu maarchukunnaavu ""2"" ayinanu neeku (naenu) duramayyaanu"
